<?xml version="1.0" encoding="UTF-8"?>
<project-private xmlns="http://www.netbeans.org/ns/project-private/1">
    <editor-bookmarks xmlns="http://www.netbeans.org/ns/editor-bookmarks/2" lastBookmarkId="0"/>
    <open-files xmlns="http://www.netbeans.org/ns/projectui-open-files/2">
        <group>
            <file>file:/D:/Documents/CS%20174/FileReader&amp;Writer/src/filereader/writer/fileReader.java</file>
            <file>file:/D:/Documents/CS%20174/FileReader&amp;Writer/src/filereader/writer/FileReaderWriter.java</file>
            <file>file:/D:/Documents/CS%20174/FileReader&amp;Writer/src/filereader/writer/fileWriter.java</file>
        </group>
    </open-files>
</project-private>
